Grade,Marks
A,95.00335570469798
B,82.62788844621514
C,67.51120331950207
D,49.66612903225806
