Grade,Attendance
A,76.0738255033557
B,74.57768924302789
C,74.95020746887967
D,74.81290322580645
