,ID,StudyHours,Attendance,Marks
ID,1.0,-0.02488535751780739,-0.008402531165199522,-0.02188514474561628
StudyHours,-0.02488535751780739,1.0,0.027682732002424795,0.02181104978984676
Attendance,-0.008402531165199522,0.027682732002424795,1.0,0.030243890712880337
Marks,-0.02188514474561628,0.02181104978984676,0.030243890712880337,1.0
