,Mean,Median,Mode,Std Dev,Variance
ID,496.67192429022083,493.0,1.0,288.0923383412422,82997.19541092479
StudyHours,5.395583596214511,5.4,2.6,2.6312817471227135,6.923643632741159
Attendance,74.98317560462671,75.0,64.0,14.655257034491934,214.7765587470253
Marks,69.99137749737119,70.3,78.2,17.287755608963256,298.86649399524055
